<?xml version="1.0" encoding="UTF-8" standalone="no"?><ROOT><CourseInfo><title>DAT102x: Data Science Professional Project</title><review_count>1</review_count><review_sum>5</review_sum><reviewer_id>Herim</reviewer_id><single_rating_value>5</single_rating_value><review_date>2016-06-30</review_date><review_contents>[[[[FirefoxDriver: firefox on WINDOWS (af100108-11f8-45cc-bdd0-5cd9ebaf5335)] -&gt; css selector: div.single-review]] -&gt; css selector: div.review-full]</review_contents><url>https://www.class-central.com/mooc/6422/edx-dat102x-data-science-professional-project</url></CourseInfo></ROOT>